Order_ID,Date,Product,Category,Quantity
1,01-09-2026,Rice,Grocery,20
2,02-09-2026,Milk,Dairy,15
3,02-09-2026,Rice,Grocery,30
4,03-09-2026,Bread,Bakery,10
5,04-09-2026,Milk,Dairy,25
6,05-09-2026,Rice,Grocery,40
7,06-09-2026,Bread,Bakery,20
8,07-09-2026,Oil,Grocery,12
9,08-09-2026,Milk,Dairy,30
10,09-09-2026,Rice,Grocery,25
11,22-09-2026,Biscuit,Grocery,5
12,26-09-2026,laptop,electronics,1
13,26-09-2026,headphones,electronics,1
12,15-08-2026,Rice,Grocery,35
13,18-08-2026,Milk,Dairy,20
14,20-08-2026,Bread,Bakery,15
15,25-08-2026,Rice,Grocery,40
16,28-08-2026,Oil,Grocery,18
17,05-10-2026,Rice,Grocery,50
18,08-10-2026,Milk,Dairy,35
19,12-10-2026,Bread,Bakery,25
20,18-10-2026,Oil,Grocery,20
21,25-10-2026,Rice,Grocery,45